,day,pair_id,batch,entry_ts,ce_k,pe_k,ce_entry,pe_entry,ce_exit,pe_exit,exit_ts,exit_reason,ce_pnl_pts,pe_pnl_pts,pair_pnl_pts,pair_pnl_$
0,20240102,0,0,17969,472.0,471.0,0.365,0.14500000000000002,0.14500000000000002,0.455,19438,t1_breach_half,0.21999999999999997,-0.31,-0.09000000000000002,-9.000000000000002
1,20240102,1,0,17969,472.0,471.0,0.365,0.14500000000000002,0.14500000000000002,0.455,19441,t1_breach_half,0.21999999999999997,-0.31,-0.09000000000000002,-9.000000000000002
2,20240104,0,0,14601,469.0,468.0,0.72,0.11499999999999999,0.48,0.14500000000000002,16406,t1_breach_half,0.24,-0.030000000000000027,0.20999999999999996,20.999999999999996
3,20240104,1,0,14601,469.0,468.0,0.72,0.11499999999999999,0.485,0.14500000000000002,16410,t1_breach_half,0.235,-0.030000000000000027,0.20499999999999996,20.499999999999996
4,20240110,0,0,5978,475.0,474.0,0.795,0.295,0.88,0.135,12977,t1_breach_half,-0.08499999999999996,0.15999999999999998,0.07500000000000001,7.500000000000001
5,20240110,1,0,5978,475.0,474.0,0.795,0.295,0.86,0.135,12979,t1_breach_half,-0.06499999999999995,0.15999999999999998,0.09500000000000003,9.500000000000004
6,20240110,2,1,15635,476.0,475.0,0.325,0.215,0.915,0.125,17043,t1_breach_half,-0.5900000000000001,0.09,-0.5000000000000001,-50.000000000000014
7,20240110,3,1,15635,476.0,475.0,0.325,0.215,0.935,0.125,17045,t1_breach_half,-0.6100000000000001,0.09,-0.5200000000000001,-52.000000000000014
8,20240122,0,0,10937,484.0,483.0,0.665,0.295,0.395,0.435,13069,t1_breach_half,0.27,-0.14,0.13,13.0
9,20240122,1,0,10937,484.0,483.0,0.665,0.295,0.255,0.585,14249,t1_breach_half,0.41000000000000003,-0.29,0.12000000000000005,12.000000000000005
10,20240122,2,1,16546,484.0,483.0,0.485,0.185,0.185,0.425,17408,t1_breach_half,0.3,-0.24,0.06,6.0
11,20240122,3,1,16546,484.0,483.0,0.485,0.185,0.185,0.435,17410,t1_breach_half,0.3,-0.25,0.04999999999999999,4.999999999999999
12,20240126,0,0,9249,489.0,488.0,0.605,0.435,0.255,0.825,11137,t1_breach_half,0.35,-0.38999999999999996,-0.03999999999999998,-3.9999999999999982
13,20240126,1,0,9249,489.0,488.0,0.605,0.435,0.245,0.825,11139,t1_breach_half,0.36,-0.38999999999999996,-0.02999999999999997,-2.9999999999999973
14,20240129,0,0,6375,488.0,487.0,0.505,0.455,0.985,0.045,19788,t1_eod,-0.48,0.41000000000000003,-0.06999999999999995,-6.999999999999995
15,20240129,1,0,6375,488.0,487.0,0.505,0.455,0.985,0.045,19788,t1_eod,-0.48,0.41000000000000003,-0.06999999999999995,-6.999999999999995
16,20240130,0,0,7118,491.0,490.0,0.985,0.555,0.605,0.785,11025,t1_breach_half,0.38,-0.22999999999999998,0.15000000000000002,15.000000000000002
17,20240130,1,0,7118,491.0,490.0,0.985,0.555,0.555,0.865,11027,t1_breach_half,0.42999999999999994,-0.30999999999999994,0.12,12.0
18,20240130,2,1,13095,490.0,489.0,1.085,0.365,1.635,0.10500000000000001,19788,t1_eod,-0.55,0.26,-0.29000000000000004,-29.000000000000004
19,20240130,3,1,13095,490.0,489.0,1.085,0.365,1.635,0.10500000000000001,19788,t1_eod,-0.55,0.26,-0.29000000000000004,-29.000000000000004
20,20240206,0,0,16153,494.0,493.0,0.325,0.325,0.14500000000000002,0.705,16702,t1_breach_half,0.18,-0.37999999999999995,-0.19999999999999996,-19.999999999999996
21,20240206,1,0,16153,494.0,493.0,0.325,0.325,0.14500000000000002,0.715,16704,t1_breach_half,0.18,-0.38999999999999996,-0.20999999999999996,-20.999999999999996
22,20240208,0,0,3105,498.0,497.0,0.895,0.445,0.575,0.625,4306,t1_breach_half,0.32000000000000006,-0.18,0.14000000000000007,14.000000000000007
23,20240208,1,0,3105,498.0,497.0,0.895,0.445,0.575,0.62,4309,t1_breach_half,0.32000000000000006,-0.175,0.14500000000000007,14.500000000000007
24,20240208,2,1,6633,498.0,497.0,0.645,0.44,0.505,0.265,12709,t1_breach_half,0.14,0.175,0.315,31.5
25,20240208,3,1,6633,498.0,497.0,0.645,0.44,0.6699999999999999,0.27,12711,t1_breach_half,-0.02499999999999991,0.16999999999999998,0.14500000000000007,14.500000000000007
26,20240208,4,2,14511,498.0,497.0,0.525,0.165,0.455,0.055,19788,t1_eod,0.07,0.11000000000000001,0.18000000000000002,18.000000000000004
27,20240208,5,2,14511,498.0,497.0,0.525,0.165,0.455,0.055,19788,t1_eod,0.07,0.11000000000000001,0.18000000000000002,18.000000000000004
28,20240209,0,0,4927,500.0,499.0,0.735,0.435,1.33,0.025,19788,t1_eod,-0.5950000000000001,0.41,-0.1850000000000001,-18.50000000000001
29,20240209,1,0,4927,500.0,499.0,0.735,0.435,1.33,0.025,19788,t1_eod,-0.5950000000000001,0.41,-0.1850000000000001,-18.50000000000001
30,20240212,0,0,1802,501.0,500.0,1.0,0.305,1.135,0.10500000000000001,14964,t1_breach_half,-0.135,0.19999999999999998,0.06499999999999997,6.499999999999997
31,20240212,1,0,1802,501.0,500.0,1.0,0.305,1.14,0.10500000000000001,14966,t1_breach_half,-0.1399999999999999,0.19999999999999998,0.06000000000000008,6.000000000000008
32,20240214,0,0,12491,496.0,495.0,0.875,0.395,0.635,0.525,13216,t1_breach_half,0.24,-0.13,0.10999999999999999,10.999999999999998
33,20240214,1,0,12491,496.0,495.0,0.875,0.395,0.665,0.515,13218,t1_breach_half,0.20999999999999996,-0.12,0.08999999999999997,8.999999999999996
34,20240215,0,0,11038,500.0,499.0,0.965,0.345,1.33,0.225,13265,t1_breach_half,-0.3650000000000001,0.11999999999999997,-0.24500000000000013,-24.500000000000014
35,20240215,1,0,11038,500.0,499.0,0.965,0.345,1.32,0.225,13267,t1_breach_half,-0.3550000000000001,0.11999999999999997,-0.23500000000000013,-23.500000000000014
36,20240216,0,0,15024,502.0,501.0,0.625,0.325,0.325,0.505,18965,t1_breach_half,0.3,-0.18,0.12,12.0
37,20240216,1,0,15024,502.0,501.0,0.625,0.325,0.345,0.495,18967,t1_breach_half,0.28,-0.16999999999999998,0.11000000000000004,11.000000000000004
38,20240226,0,0,8403,508.0,507.0,0.575,0.435,0.185,0.775,14181,t1_breach_half,0.38999999999999996,-0.34,0.04999999999999993,4.999999999999993
39,20240226,1,0,8403,508.0,507.0,0.575,0.435,0.19,0.785,14183,t1_breach_half,0.38499999999999995,-0.35000000000000003,0.03499999999999992,3.499999999999992
40,20240226,2,1,16578,507.0,506.0,0.615,0.14500000000000002,0.315,0.295,17213,t1_breach_half,0.3,-0.14999999999999997,0.15000000000000002,15.000000000000002
41,20240226,3,1,16578,507.0,506.0,0.615,0.14500000000000002,0.28500000000000003,0.155,19786,t1_eod,0.32999999999999996,-0.009999999999999981,0.31999999999999995,31.999999999999996
42,20240227,0,0,5652,506.0,505.0,0.775,0.335,0.305,0.435,13121,t1_breach_half,0.47000000000000003,-0.09999999999999998,0.37000000000000005,37.00000000000001
43,20240227,1,0,5652,506.0,505.0,0.775,0.335,0.295,0.455,13132,t1_breach_half,0.48000000000000004,-0.12,0.36000000000000004,36.00000000000001
44,20240227,2,1,14932,505.0,504.0,0.715,0.11499999999999999,1.6749999999999998,0.015,19788,t1_eod,-0.9599999999999999,0.09999999999999999,-0.8599999999999999,-85.99999999999999
45,20240227,3,1,14932,505.0,504.0,0.715,0.11499999999999999,1.6749999999999998,0.015,19788,t1_eod,-0.9599999999999999,0.09999999999999999,-0.8599999999999999,-85.99999999999999
46,20240228,0,0,6473,507.0,506.0,0.515,0.485,0.10500000000000001,0.655,16995,t1_breach_half,0.41000000000000003,-0.17000000000000004,0.24,24.0
47,20240228,1,0,6473,507.0,506.0,0.515,0.485,0.10500000000000001,0.665,16997,t1_breach_half,0.41000000000000003,-0.18000000000000005,0.22999999999999998,23.0
48,20240304,0,0,2281,512.0,511.0,0.935,0.275,1.995,0.025,18593,t1_breach_half,-1.06,0.25,-0.81,-81.0
49,20240304,1,0,2281,512.0,511.0,0.935,0.275,1.975,0.025,18595,t1_breach_half,-1.04,0.25,-0.79,-79.0
50,20240313,0,0,6636,517.0,516.0,0.585,0.555,0.545,0.355,12735,t1_breach_half,0.039999999999999925,0.20000000000000007,0.24,24.0
51,20240313,1,0,6636,517.0,516.0,0.585,0.555,0.545,0.355,12737,t1_breach_half,0.039999999999999925,0.20000000000000007,0.24,24.0
52,20240313,2,1,14537,517.0,516.0,0.675,0.195,0.175,0.195,19788,t1_eod,0.5,0.0,0.5,50.0
53,20240313,3,1,14537,517.0,516.0,0.675,0.195,0.175,0.195,19788,t1_eod,0.5,0.0,0.5,50.0
54,20240320,0,0,1802,515.0,514.0,2.025,1.22,2.4000000000000004,1.12,16203,t1_breach_half,-0.37500000000000044,0.09999999999999987,-0.2750000000000006,-27.500000000000057
55,20240320,1,0,1802,515.0,514.0,2.025,1.22,2.515,1.025,16205,t1_breach_half,-0.4900000000000002,0.19500000000000006,-0.29500000000000015,-29.500000000000014
56,20240326,0,0,1802,521.0,520.0,0.85,0.3,0.245,0.07500000000000001,19788,t1_eod,0.605,0.22499999999999998,0.83,83.0
57,20240326,1,0,1802,521.0,520.0,0.85,0.3,0.245,0.07500000000000001,19788,t1_eod,0.605,0.22499999999999998,0.83,83.0
58,20240327,0,0,6463,520.0,519.0,0.785,0.325,0.575,0.10500000000000001,19788,t1_eod,0.21000000000000008,0.22,0.43000000000000005,43.00000000000001
59,20240327,1,0,6463,520.0,519.0,0.785,0.325,0.575,0.10500000000000001,19788,t1_eod,0.21000000000000008,0.22,0.43000000000000005,43.00000000000001
60,20240328,0,0,3422,523.0,522.0,0.885,0.405,1.3250000000000002,0.08499999999999999,19788,t1_eod,-0.44000000000000017,0.32000000000000006,-0.1200000000000001,-12.00000000000001
61,20240328,1,0,3422,523.0,522.0,0.885,0.405,1.3250000000000002,0.08499999999999999,19788,t1_eod,-0.44000000000000017,0.32000000000000006,-0.1200000000000001,-12.00000000000001
62,20240402,0,0,6820,518.0,517.0,0.615,0.495,0.325,0.155,19788,t1_eod,0.29,0.33999999999999997,0.6299999999999999,62.999999999999986
63,20240402,1,0,6820,518.0,517.0,0.615,0.495,0.325,0.155,19788,t1_eod,0.29,0.33999999999999997,0.6299999999999999,62.999999999999986
64,20240403,0,0,6528,521.0,520.0,0.615,0.46499999999999997,0.325,0.735,9712,t1_breach_half,0.29,-0.27,0.019999999999999962,1.9999999999999962
65,20240403,1,0,6528,521.0,520.0,0.615,0.46499999999999997,0.325,0.735,9714,t1_breach_half,0.29,-0.27,0.019999999999999962,1.9999999999999962
66,20240403,2,1,13952,521.0,520.0,0.325,0.335,0.08499999999999999,0.405,19788,t1_eod,0.24000000000000002,-0.07,0.17,17.0
67,20240403,3,1,13952,521.0,520.0,0.325,0.335,0.08499999999999999,0.405,19788,t1_eod,0.24000000000000002,-0.07,0.17,17.0
68,20240408,0,0,14655,519.0,518.0,0.705,0.265,0.525,0.125,19788,t1_eod,0.17999999999999994,0.14,0.31999999999999995,31.999999999999996
69,20240408,1,0,14655,519.0,518.0,0.705,0.265,0.525,0.125,19788,t1_eod,0.17999999999999994,0.14,0.31999999999999995,31.999999999999996
70,20240424,0,0,14339,505.0,504.0,1.0950000000000002,0.545,1.65,0.335,14898,t1_breach_half,-0.5549999999999997,0.21000000000000002,-0.3449999999999997,-34.49999999999997
71,20240424,1,0,14339,505.0,504.0,1.0950000000000002,0.545,1.65,0.335,14900,t1_breach_half,-0.5549999999999997,0.21000000000000002,-0.3449999999999997,-34.49999999999997
72,20240429,0,0,8925,510.0,509.0,0.555,0.455,0.215,0.46499999999999997,18129,t1_breach_half,0.3400000000000001,-0.009999999999999953,0.3300000000000001,33.000000000000014
73,20240429,1,0,8925,510.0,509.0,0.555,0.455,0.20500000000000002,0.515,18131,t1_breach_half,0.35000000000000003,-0.06,0.29000000000000004,29.000000000000004
74,20240506,0,0,4212,515.0,514.0,0.625,0.635,0.64,0.08499999999999999,19788,t1_eod,-0.015000000000000013,0.55,0.535,53.5
75,20240506,1,0,4212,515.0,514.0,0.625,0.635,0.64,0.08499999999999999,19788,t1_eod,-0.015000000000000013,0.55,0.535,53.5
76,20240507,0,0,4460,517.0,516.0,1.0150000000000001,0.365,0.83,0.255,15591,t1_breach_half,0.18500000000000016,0.10999999999999999,0.29500000000000015,29.500000000000014
77,20240507,1,0,4460,517.0,516.0,1.0150000000000001,0.365,0.795,0.275,15593,t1_breach_half,0.22000000000000008,0.08999999999999997,0.31000000000000005,31.000000000000007
78,20240508,0,0,7466,517.0,516.0,0.765,0.375,0.545,0.375,13146,t1_breach_half,0.21999999999999997,0.0,0.21999999999999997,21.999999999999996
79,20240508,1,0,7466,517.0,516.0,0.765,0.375,0.505,0.395,13174,t1_breach_half,0.26,-0.020000000000000018,0.24,24.0
80,20240508,2,1,15077,516.0,515.0,0.835,0.20500000000000002,1.13,0.045,19788,t1_eod,-0.29499999999999993,0.16000000000000003,-0.1349999999999999,-13.49999999999999
81,20240508,3,1,15077,516.0,515.0,0.835,0.20500000000000002,1.13,0.045,19788,t1_eod,-0.29499999999999993,0.16000000000000003,-0.1349999999999999,-13.49999999999999
82,20240509,0,0,9644,519.0,518.0,0.525,0.375,0.845,0.14500000000000002,12828,t1_breach_half,-0.31999999999999995,0.22999999999999998,-0.08999999999999997,-8.999999999999996
83,20240509,1,0,9644,519.0,518.0,0.525,0.375,0.8200000000000001,0.14500000000000002,12830,t1_breach_half,-0.29500000000000004,0.22999999999999998,-0.06500000000000006,-6.500000000000005
84,20240509,2,1,16891,519.0,518.0,0.585,0.11499999999999999,1.005,0.045,19788,t1_eod,-0.41999999999999993,0.06999999999999999,-0.3499999999999999,-34.99999999999999
85,20240509,3,1,16891,519.0,518.0,0.585,0.11499999999999999,1.005,0.045,19788,t1_eod,-0.41999999999999993,0.06999999999999999,-0.3499999999999999,-34.99999999999999
86,20240510,0,0,10332,520.0,519.0,0.895,0.265,1.0,0.055,19788,t1_eod,-0.10499999999999998,0.21000000000000002,0.10500000000000004,10.500000000000004
87,20240510,1,0,10332,520.0,519.0,0.895,0.265,1.0,0.055,19788,t1_eod,-0.10499999999999998,0.21000000000000002,0.10500000000000004,10.500000000000004
88,20240516,0,0,1802,530.0,529.0,0.915,0.37,0.535,0.46499999999999997,13931,t1_breach_half,0.38,-0.09499999999999997,0.28500000000000003,28.500000000000004
89,20240516,1,0,1802,530.0,529.0,0.915,0.37,0.545,0.475,13933,t1_breach_half,0.37,-0.10499999999999998,0.265,26.5
90,20240516,2,1,18176,530.0,529.0,0.345,0.265,0.455,0.10500000000000001,19788,t1_eod,-0.11000000000000004,0.16,0.04999999999999996,4.9999999999999964
91,20240516,3,1,18176,530.0,529.0,0.345,0.265,0.455,0.10500000000000001,19788,t1_eod,-0.11000000000000004,0.16,0.04999999999999996,4.9999999999999964
92,20240517,0,0,1802,529.0,528.0,0.745,0.575,0.11499999999999999,0.635,17079,t1_breach_half,0.63,-0.06000000000000005,0.57,56.99999999999999
93,20240517,1,0,1802,529.0,528.0,0.745,0.575,0.11499999999999999,0.6799999999999999,17081,t1_breach_half,0.63,-0.10499999999999998,0.525,52.5
94,20240517,2,1,18881,528.0,527.0,0.445,0.175,0.955,0.065,19788,t1_eod,-0.51,0.10999999999999999,-0.4,-40.0
95,20240517,3,1,18881,528.0,527.0,0.445,0.175,0.955,0.065,19788,t1_eod,-0.51,0.10999999999999999,-0.4,-40.0
96,20240521,0,0,1802,530.0,529.0,0.525,0.495,0.55,0.045,19788,t1_eod,-0.025000000000000022,0.45,0.425,42.5
97,20240521,1,0,1802,530.0,529.0,0.525,0.495,0.55,0.045,19788,t1_eod,-0.025000000000000022,0.45,0.425,42.5
98,20240522,0,0,1802,531.0,530.0,1.61,0.985,0.975,1.3849999999999998,14882,t1_breach_half,0.6350000000000001,-0.3999999999999998,0.23500000000000032,23.500000000000032
99,20240522,1,0,1802,531.0,530.0,1.61,0.985,0.995,1.355,14886,t1_breach_half,0.6150000000000001,-0.37,0.2450000000000001,24.50000000000001
100,20240523,0,0,7271,531.0,530.0,0.725,0.635,0.545,0.585,9730,t1_breach_half,0.17999999999999994,0.050000000000000044,0.22999999999999998,23.0
101,20240523,1,0,7271,531.0,530.0,0.725,0.635,0.535,0.635,9732,t1_breach_half,0.18999999999999995,0.0,0.18999999999999995,18.999999999999993
102,20240524,0,0,7227,530.0,529.0,0.675,0.485,0.545,0.625,7637,t1_breach_half,0.13,-0.14,-0.010000000000000009,-1.0000000000000009
103,20240524,1,0,7227,530.0,529.0,0.675,0.485,0.545,0.625,7639,t1_breach_half,0.13,-0.14,-0.010000000000000009,-1.0000000000000009
104,20240524,2,1,9439,530.0,529.0,0.545,0.475,0.095,0.305,19788,t1_eod,0.45000000000000007,0.16999999999999998,0.6200000000000001,62.000000000000014
105,20240524,3,1,9439,530.0,529.0,0.545,0.475,0.095,0.305,19788,t1_eod,0.45000000000000007,0.16999999999999998,0.6200000000000001,62.000000000000014
106,20240528,0,0,6685,530.0,529.0,0.545,0.395,0.345,0.375,12772,t1_breach_half,0.20000000000000007,0.020000000000000018,0.22000000000000008,22.000000000000007
107,20240528,1,0,6685,530.0,529.0,0.545,0.395,0.335,0.375,12774,t1_breach_half,0.21000000000000002,0.020000000000000018,0.23000000000000004,23.000000000000004
108,20240528,2,1,14574,530.0,529.0,0.335,0.28500000000000003,0.14500000000000002,0.705,15661,t1_breach_half,0.19,-0.41999999999999993,-0.22999999999999993,-22.999999999999993
109,20240528,3,1,14574,530.0,529.0,0.335,0.28500000000000003,0.14500000000000002,0.725,15663,t1_breach_half,0.19,-0.43999999999999995,-0.24999999999999994,-24.999999999999993
110,20240529,0,0,10565,527.0,526.0,0.605,0.485,0.535,0.525,12735,t1_breach_half,0.06999999999999995,-0.040000000000000036,0.029999999999999916,2.9999999999999916
111,20240529,1,0,10565,527.0,526.0,0.605,0.485,0.525,0.535,12737,t1_breach_half,0.07999999999999996,-0.050000000000000044,0.029999999999999916,2.9999999999999916
112,20240606,0,0,6421,535.0,534.0,0.685,0.545,0.355,0.905,10607,t1_breach_half,0.33000000000000007,-0.36,-0.029999999999999916,-2.9999999999999916
113,20240606,1,0,6421,535.0,534.0,0.685,0.545,0.355,0.925,10614,t1_breach_half,0.33000000000000007,-0.38,-0.04999999999999993,-4.999999999999993
114,20240606,2,1,12547,534.0,533.0,0.575,0.585,0.435,0.505,16561,t1_breach_half,0.13999999999999996,0.07999999999999996,0.21999999999999992,21.999999999999993
115,20240606,3,1,12547,534.0,533.0,0.575,0.585,0.425,0.505,16563,t1_breach_half,0.14999999999999997,0.07999999999999996,0.22999999999999993,22.999999999999993
116,20240606,4,2,19284,534.0,533.0,0.665,0.135,0.76,0.11499999999999999,19788,t1_eod,-0.09499999999999997,0.020000000000000018,-0.07499999999999996,-7.499999999999996
117,20240606,5,2,19284,534.0,533.0,0.665,0.135,0.76,0.11499999999999999,19788,t1_eod,-0.09499999999999997,0.020000000000000018,-0.07499999999999996,-7.499999999999996
118,20240607,0,0,8949,535.0,534.0,0.985,0.445,1.085,0.325,11467,t1_breach_half,-0.09999999999999998,0.12,0.020000000000000018,2.0000000000000018
119,20240607,1,0,8949,535.0,534.0,0.985,0.445,1.0750000000000002,0.325,11469,t1_breach_half,-0.09000000000000019,0.12,0.029999999999999805,2.9999999999999805
120,20240612,0,0,10172,543.0,542.0,1.585,1.2650000000000001,1.275,1.585,14581,t1_breach_half,0.31000000000000005,-0.31999999999999984,-0.009999999999999787,-0.9999999999999787
121,20240612,1,0,10172,543.0,542.0,1.585,1.2650000000000001,1.4049999999999998,1.375,15006,t1_breach_half,0.18000000000000016,-0.10999999999999988,0.07000000000000028,7.000000000000028
122,20240612,2,1,17896,543.0,542.0,1.205,1.17,1.2149999999999999,1.1549999999999998,17900,t1_breach_half,-0.009999999999999787,0.015000000000000124,0.0050000000000003375,0.5000000000000338
123,20240612,3,1,17896,543.0,542.0,1.205,1.17,1.205,1.165,17902,t1_breach_half,0.0,0.004999999999999893,0.004999999999999893,0.49999999999998934
124,20240613,0,0,8115,542.0,541.0,0.735,0.695,0.455,1.105,9075,t1_breach_half,0.27999999999999997,-0.41000000000000003,-0.13000000000000006,-13.000000000000005
125,20240613,1,0,8115,542.0,541.0,0.735,0.695,0.445,1.125,9077,t1_breach_half,0.29,-0.43000000000000005,-0.14000000000000007,-14.000000000000007
126,20240613,2,1,13965,541.0,540.0,0.985,0.305,1.6099999999999999,0.045,19788,t1_eod,-0.6249999999999999,0.26,-0.3649999999999999,-36.499999999999986
127,20240613,3,1,13965,541.0,540.0,0.985,0.305,1.6099999999999999,0.045,19788,t1_eod,-0.6249999999999999,0.26,-0.3649999999999999,-36.499999999999986
128,20240614,0,0,11795,542.0,541.0,0.595,0.46499999999999997,0.445,0.46499999999999997,16829,t1_breach_half,0.14999999999999997,0.0,0.14999999999999997,14.999999999999996
129,20240614,1,0,11795,542.0,541.0,0.595,0.46499999999999997,0.46499999999999997,0.455,16831,t1_breach_half,0.13,0.009999999999999953,0.13999999999999996,13.999999999999996
130,20240618,0,0,6724,547.0,546.0,0.945,0.46499999999999997,1.6949999999999998,0.055,15641,t1_breach_full,-0.7499999999999999,0.41,-0.3399999999999999,-33.99999999999999
131,20240618,1,0,6724,547.0,546.0,0.945,0.46499999999999997,1.6949999999999998,0.055,15641,t1_breach_full,-0.7499999999999999,0.41,-0.3399999999999999,-33.99999999999999
132,20240618,2,1,19669,548.0,547.0,0.385,0.14500000000000002,0.405,0.135,19788,t1_eod,-0.020000000000000018,0.010000000000000009,-0.010000000000000009,-1.0000000000000009
133,20240618,3,1,19669,548.0,547.0,0.385,0.14500000000000002,0.405,0.135,19788,t1_eod,-0.020000000000000018,0.010000000000000009,-0.010000000000000009,-1.0000000000000009
134,20240620,0,0,6173,549.0,548.0,1.005,0.375,0.585,0.665,8989,t1_breach_half,0.41999999999999993,-0.29000000000000004,0.1299999999999999,12.99999999999999
135,20240620,1,0,6173,549.0,548.0,1.005,0.375,0.575,0.685,8991,t1_breach_half,0.42999999999999994,-0.31000000000000005,0.11999999999999988,11.99999999999999
136,20240621,0,0,10231,545.0,544.0,1.045,0.325,0.435,0.765,13962,t1_breach_half,0.6099999999999999,-0.44,0.16999999999999987,16.999999999999986
137,20240621,1,0,10231,545.0,544.0,1.045,0.325,0.435,0.785,13981,t1_breach_half,0.6099999999999999,-0.46,0.14999999999999986,14.999999999999986
138,20240621,2,1,15811,544.0,543.0,0.945,0.245,0.615,0.10500000000000001,19788,t1_eod,0.32999999999999996,0.13999999999999999,0.47,47.0
139,20240621,3,1,15811,544.0,543.0,0.945,0.245,0.615,0.10500000000000001,19788,t1_eod,0.32999999999999996,0.13999999999999999,0.47,47.0
140,20240624,0,0,10402,546.0,545.0,0.695,0.335,0.28500000000000003,0.755,13021,t1_breach_half,0.4099999999999999,-0.42,-0.010000000000000064,-1.0000000000000064
141,20240624,1,0,10402,546.0,545.0,0.695,0.335,0.28500000000000003,0.755,13023,t1_breach_half,0.4099999999999999,-0.42,-0.010000000000000064,-1.0000000000000064
142,20240625,0,0,7156,544.0,543.0,0.785,0.375,0.295,0.755,11661,t1_breach_half,0.49000000000000005,-0.38,0.11000000000000004,11.000000000000004
143,20240625,1,0,7156,544.0,543.0,0.785,0.375,0.295,0.725,11663,t1_breach_half,0.49000000000000005,-0.35,0.14000000000000007,14.000000000000007
144,20240625,2,1,13866,543.0,542.0,0.795,0.20500000000000002,1.4649999999999999,0.035,19788,t1_eod,-0.6699999999999998,0.17,-0.4999999999999998,-49.99999999999998
145,20240625,3,1,13866,543.0,542.0,0.795,0.20500000000000002,1.4649999999999999,0.035,19788,t1_eod,-0.6699999999999998,0.17,-0.4999999999999998,-49.99999999999998
146,20240626,0,0,14959,544.0,543.0,0.945,0.195,0.885,0.11,19788,t1_eod,0.05999999999999994,0.085,0.14499999999999996,14.499999999999996
147,20240626,1,0,14959,544.0,543.0,0.945,0.195,0.885,0.11,19788,t1_eod,0.05999999999999994,0.085,0.14499999999999996,14.499999999999996
148,20240627,0,0,9651,546.0,545.0,0.595,0.515,0.295,0.555,16347,t1_breach_half,0.3,-0.040000000000000036,0.25999999999999995,25.999999999999996
149,20240627,1,0,9651,546.0,545.0,0.595,0.515,0.295,0.565,16349,t1_breach_half,0.3,-0.04999999999999993,0.25000000000000006,25.000000000000007
150,20240627,2,1,19079,545.0,544.0,0.555,0.20500000000000002,0.665,0.095,19788,t1_eod,-0.10999999999999999,0.11000000000000001,2.7755575615628914e-17,2.7755575615628914e-15
151,20240627,3,1,19079,545.0,544.0,0.555,0.20500000000000002,0.665,0.095,19788,t1_eod,-0.10999999999999999,0.11000000000000001,2.7755575615628914e-17,2.7755575615628914e-15
152,20240701,0,0,8898,544.0,543.0,1.0750000000000002,0.505,1.42,0.325,9595,t1_breach_half,-0.34499999999999975,0.18,-0.16499999999999976,-16.499999999999975
153,20240701,1,0,8898,544.0,543.0,1.0750000000000002,0.505,1.435,0.325,9597,t1_breach_half,-0.3599999999999999,0.18,-0.17999999999999988,-17.99999999999999
154,20240701,2,1,11804,545.0,544.0,0.885,0.345,0.425,0.295,18175,t1_breach_half,0.46,0.04999999999999999,0.51,51.0
155,20240701,3,1,11804,545.0,544.0,0.885,0.345,0.425,0.295,18177,t1_breach_half,0.46,0.04999999999999999,0.51,51.0
156,20240702,0,0,5892,546.0,545.0,0.785,0.535,0.885,0.415,7231,t1_breach_half,-0.09999999999999998,0.12000000000000005,0.020000000000000073,2.000000000000007
157,20240702,1,0,5892,546.0,545.0,0.785,0.535,0.875,0.415,7233,t1_breach_half,-0.08999999999999997,0.12000000000000005,0.030000000000000082,3.000000000000008
158,20240702,2,1,10512,545.0,544.0,0.965,0.265,2.7,0.015,19788,t1_eod,-1.7350000000000003,0.25,-1.4850000000000003,-148.50000000000003
159,20240702,3,1,10512,545.0,544.0,0.965,0.265,2.7,0.015,19788,t1_eod,-1.7350000000000003,0.25,-1.4850000000000003,-148.50000000000003
160,20240703,0,0,4916,550.0,549.0,0.5,0.385,1.48,0.025,12302,t1_breach_half,-0.98,0.36,-0.62,-62.0
161,20240703,1,0,4916,550.0,549.0,0.5,0.385,1.49,0.025,12304,t1_breach_half,-0.99,0.36,-0.63,-63.0
162,20240708,0,0,2769,556.0,555.0,0.695,0.455,0.46499999999999997,0.615,3805,t1_breach_half,0.22999999999999998,-0.15999999999999998,0.07,7.000000000000001
163,20240708,1,0,2769,556.0,555.0,0.695,0.455,0.46499999999999997,0.615,3807,t1_breach_half,0.22999999999999998,-0.15999999999999998,0.07,7.000000000000001
164,20240708,2,1,5616,555.0,554.0,0.975,0.255,0.235,0.255,19073,t1_breach_half,0.74,0.0,0.74,74.0
165,20240708,3,1,5616,555.0,554.0,0.975,0.255,0.235,0.255,19075,t1_breach_half,0.74,0.0,0.74,74.0
166,20240709,0,0,1802,557.0,556.0,0.745,0.665,0.515,0.785,2411,t1_breach_half,0.22999999999999998,-0.12,0.10999999999999999,10.999999999999998
167,20240709,1,0,1802,557.0,556.0,0.745,0.665,0.515,0.785,2413,t1_breach_half,0.22999999999999998,-0.12,0.10999999999999999,10.999999999999998
168,20240709,2,1,7496,556.0,555.0,0.725,0.295,0.555,0.335,14097,t1_breach_half,0.16999999999999993,-0.040000000000000036,0.1299999999999999,12.99999999999999
169,20240709,3,1,7496,556.0,555.0,0.725,0.295,0.555,0.345,14099,t1_breach_half,0.16999999999999993,-0.04999999999999999,0.11999999999999994,11.999999999999995
170,20240709,4,2,15899,556.0,555.0,0.625,0.14500000000000002,0.305,0.11499999999999999,19788,t1_eod,0.32,0.030000000000000027,0.35000000000000003,35.0
171,20240709,5,2,15899,556.0,555.0,0.625,0.14500000000000002,0.305,0.11499999999999999,19788,t1_eod,0.32,0.030000000000000027,0.35000000000000003,35.0
172,20240710,0,0,1802,557.0,556.0,0.915,0.355,3.12,0.015,19788,t1_eod,-2.205,0.33999999999999997,-1.8650000000000002,-186.50000000000003
173,20240710,1,0,1802,557.0,556.0,0.915,0.355,3.12,0.015,19788,t1_eod,-2.205,0.33999999999999997,-1.8650000000000002,-186.50000000000003
174,20240712,0,0,10593,560.0,559.0,1.17,0.275,3.55,0.035,15492,t1_breach_half,-2.38,0.24000000000000002,-2.1399999999999997,-213.99999999999997
175,20240712,1,0,10593,560.0,559.0,1.17,0.275,3.535,0.035,15494,t1_breach_half,-2.365,0.24000000000000002,-2.125,-212.5
176,20240715,0,0,4679,563.0,562.0,1.085,0.545,1.85,0.305,6094,t1_breach_half,-0.7650000000000001,0.24000000000000005,-0.5250000000000001,-52.500000000000014
177,20240715,1,0,4679,563.0,562.0,1.085,0.545,1.85,0.305,6096,t1_breach_half,-0.7650000000000001,0.24000000000000005,-0.5250000000000001,-52.500000000000014
178,20240715,2,1,11195,563.0,562.0,0.895,0.635,0.8,0.685,11583,t1_breach_half,0.09499999999999997,-0.050000000000000044,0.04499999999999993,4.499999999999993
179,20240715,3,1,11195,563.0,562.0,0.895,0.635,0.825,0.665,11585,t1_breach_half,0.07000000000000006,-0.030000000000000027,0.040000000000000036,4.0000000000000036
180,20240722,0,0,10601,552.0,551.0,1.145,0.515,0.935,0.615,10896,t1_breach_half,0.20999999999999996,-0.09999999999999998,0.10999999999999999,10.999999999999998
181,20240722,1,0,10601,552.0,551.0,1.145,0.515,0.955,0.625,10898,t1_breach_half,0.19000000000000006,-0.10999999999999999,0.08000000000000007,8.000000000000007
182,20240723,0,0,15940,555.0,554.0,1.085,0.525,0.915,0.46499999999999997,19788,t1_eod,0.16999999999999993,0.06000000000000005,0.22999999999999998,23.0
183,20240723,1,0,15940,555.0,554.0,1.085,0.525,0.915,0.46499999999999997,19788,t1_eod,0.16999999999999993,0.06000000000000005,0.22999999999999998,23.0
184,20240815,0,0,15322,552.0,551.0,0.885,0.255,1.1549999999999998,0.125,19788,t1_eod,-0.2699999999999998,0.13,-0.1399999999999998,-13.999999999999979
185,20240815,1,0,15322,552.0,551.0,0.885,0.255,1.1549999999999998,0.125,19788,t1_eod,-0.2699999999999998,0.13,-0.1399999999999998,-13.999999999999979
186,20240819,0,0,9967,557.0,556.0,0.505,0.545,1.255,0.045,19788,t1_eod,-0.7499999999999999,0.5,-0.2499999999999999,-24.99999999999999
187,20240819,1,0,9967,557.0,556.0,0.505,0.545,1.255,0.045,19788,t1_eod,-0.7499999999999999,0.5,-0.2499999999999999,-24.99999999999999
188,20240820,0,0,11948,559.0,558.0,0.645,0.595,0.345,1.01,12623,t1_breach_half,0.30000000000000004,-0.41500000000000004,-0.11499999999999999,-11.5
189,20240820,1,0,11948,559.0,558.0,0.645,0.595,0.325,1.045,12625,t1_breach_half,0.32,-0.44999999999999996,-0.12999999999999995,-12.999999999999995
190,20240820,2,1,16311,558.0,557.0,0.835,0.215,1.225,0.055,19788,t1_eod,-0.3900000000000001,0.16,-0.23000000000000012,-23.00000000000001
191,20240820,3,1,16311,558.0,557.0,0.835,0.215,1.225,0.055,19788,t1_eod,-0.3900000000000001,0.16,-0.23000000000000012,-23.00000000000001
192,20240821,0,0,11964,560.0,559.0,0.845,0.575,1.075,0.31,16210,t1_breach_half,-0.22999999999999998,0.26499999999999996,0.034999999999999976,3.4999999999999973
193,20240821,1,0,11964,560.0,559.0,0.845,0.575,1.0750000000000002,0.305,16212,t1_breach_half,-0.2300000000000002,0.26999999999999996,0.03999999999999976,3.999999999999976
194,20240826,0,0,11716,562.0,561.0,0.655,0.665,0.405,0.86,13280,t1_breach_half,0.25,-0.19499999999999995,0.05500000000000005,5.500000000000005
195,20240826,1,0,11716,562.0,561.0,0.655,0.665,0.405,0.875,13282,t1_breach_half,0.25,-0.20999999999999996,0.040000000000000036,4.0000000000000036
196,20240913,0,0,16016,563.0,562.0,0.685,0.455,0.325,0.98,16241,t1_breach_half,0.36000000000000004,-0.5249999999999999,-0.16499999999999987,-16.499999999999986
197,20240913,1,0,16016,563.0,562.0,0.685,0.455,0.295,1.05,16243,t1_breach_half,0.39000000000000007,-0.595,-0.2049999999999999,-20.49999999999999
198,20240918,0,0,10911,563.0,562.0,2.9299999999999997,2.495,2.95,2.295,14848,t1_breach_half,-0.020000000000000462,0.20000000000000018,0.17999999999999972,17.99999999999997
199,20240918,1,0,10911,563.0,562.0,2.9299999999999997,2.495,2.955,2.285,14850,t1_breach_half,-0.025000000000000355,0.20999999999999996,0.1849999999999996,18.49999999999996
200,20240923,0,0,15721,569.0,568.0,0.695,0.215,0.6799999999999999,0.07500000000000001,19788,t1_eod,0.015000000000000013,0.13999999999999999,0.155,15.5
201,20240923,1,0,15721,569.0,568.0,0.695,0.215,0.6799999999999999,0.07500000000000001,19788,t1_eod,0.015000000000000013,0.13999999999999999,0.155,15.5
202,20240924,0,0,15531,571.0,570.0,0.375,0.295,0.165,0.425,18226,t1_breach_half,0.21,-0.13,0.07999999999999999,7.999999999999999
203,20240924,1,0,15531,571.0,570.0,0.375,0.295,0.165,0.445,18228,t1_breach_half,0.21,-0.15000000000000002,0.05999999999999997,5.999999999999997
204,20240925,0,0,7670,571.0,570.0,0.805,0.385,0.505,0.575,8551,t1_breach_half,0.30000000000000004,-0.18999999999999995,0.1100000000000001,11.00000000000001
205,20240925,1,0,7670,571.0,570.0,0.805,0.385,0.495,0.595,8553,t1_breach_half,0.31000000000000005,-0.20999999999999996,0.10000000000000009,10.000000000000009
206,20240925,2,1,10353,570.0,569.0,0.995,0.275,0.625,0.435,12635,t1_breach_half,0.37,-0.15999999999999998,0.21000000000000002,21.000000000000004
207,20240925,3,1,10353,570.0,569.0,0.995,0.275,0.575,0.495,12637,t1_breach_half,0.42000000000000004,-0.21999999999999997,0.20000000000000007,20.000000000000007
208,20240926,0,0,15297,572.0,571.0,0.405,0.395,0.6799999999999999,0.165,17407,t1_breach_half,-0.2749999999999999,0.23,-0.0449999999999999,-4.49999999999999
209,20240926,1,0,15297,572.0,571.0,0.405,0.395,0.695,0.165,17409,t1_breach_half,-0.2899999999999999,0.23,-0.059999999999999915,-5.999999999999991
210,20240926,2,1,19232,572.0,571.0,0.455,0.11499999999999999,0.525,0.08499999999999999,19788,t1_eod,-0.07,0.03,-0.04000000000000001,-4.000000000000001
211,20240926,3,1,19232,572.0,571.0,0.455,0.11499999999999999,0.525,0.08499999999999999,19788,t1_eod,-0.07,0.03,-0.04000000000000001,-4.000000000000001
212,20240927,0,0,12440,572.0,571.0,0.845,0.345,0.685,0.445,13261,t1_breach_half,0.15999999999999992,-0.10000000000000003,0.05999999999999989,5.9999999999999885
213,20240927,1,0,12440,572.0,571.0,0.845,0.345,0.685,0.445,13263,t1_breach_half,0.15999999999999992,-0.10000000000000003,0.05999999999999989,5.9999999999999885
214,20240927,2,1,15210,572.0,571.0,0.585,0.335,0.305,0.47,17808,t1_breach_half,0.27999999999999997,-0.13499999999999995,0.14500000000000002,14.500000000000002
215,20240927,3,1,15210,572.0,571.0,0.585,0.335,0.315,0.475,17810,t1_breach_half,0.26999999999999996,-0.13999999999999996,0.13,13.0
216,20240930,0,0,8836,572.0,571.0,0.675,0.695,0.385,0.895,13303,t1_breach_half,0.29000000000000004,-0.20000000000000007,0.08999999999999997,8.999999999999996
217,20240930,1,0,8836,572.0,571.0,0.675,0.695,0.385,0.865,13305,t1_breach_half,0.29000000000000004,-0.17000000000000004,0.12,12.0
218,20240930,2,1,15215,571.0,570.0,0.935,0.405,0.805,0.325,16620,t1_breach_half,0.13,0.08000000000000002,0.21000000000000002,21.000000000000004
219,20240930,3,1,15215,571.0,570.0,0.935,0.405,0.765,0.335,16622,t1_breach_half,0.17000000000000004,0.07,0.24000000000000005,24.000000000000004
220,20241002,0,0,19001,569.0,568.0,0.525,0.315,0.485,0.265,19788,t1_eod,0.040000000000000036,0.04999999999999999,0.09000000000000002,9.000000000000002
221,20241002,1,0,19001,569.0,568.0,0.525,0.315,0.485,0.265,19788,t1_eod,0.040000000000000036,0.04999999999999999,0.09000000000000002,9.000000000000002
222,20241007,0,0,10622,571.0,570.0,0.925,0.505,0.245,0.745,16372,t1_breach_half,0.68,-0.24,0.44000000000000006,44.00000000000001
223,20241007,1,0,10622,571.0,570.0,0.925,0.505,0.255,0.735,16374,t1_breach_half,0.67,-0.22999999999999998,0.44000000000000006,44.00000000000001
224,20241008,0,0,8258,572.0,571.0,0.985,0.585,0.745,0.735,9560,t1_breach_half,0.24,-0.15000000000000002,0.08999999999999997,8.999999999999996
225,20241008,1,0,8258,572.0,571.0,0.985,0.585,0.755,0.725,9566,t1_breach_half,0.22999999999999998,-0.14,0.08999999999999997,8.999999999999996
226,20241008,2,1,11559,572.0,571.0,0.885,0.485,0.485,0.785,13091,t1_breach_half,0.4,-0.30000000000000004,0.09999999999999998,9.999999999999998
227,20241008,3,1,11559,572.0,571.0,0.885,0.485,0.485,0.785,13093,t1_breach_half,0.4,-0.30000000000000004,0.09999999999999998,9.999999999999998
228,20241008,4,2,14893,571.0,570.0,0.985,0.355,1.82,0.035,19788,t1_eod,-0.8350000000000001,0.31999999999999995,-0.5150000000000001,-51.500000000000014
229,20241008,5,2,14893,571.0,570.0,0.985,0.355,1.82,0.035,19788,t1_eod,-0.8350000000000001,0.31999999999999995,-0.5150000000000001,-51.500000000000014
230,20241016,0,0,9117,580.0,579.0,1.0550000000000002,0.335,2.6100000000000003,0.035,18197,t1_breach_half,-1.5550000000000002,0.30000000000000004,-1.2550000000000001,-125.50000000000001
231,20241016,1,0,9117,580.0,579.0,1.0550000000000002,0.335,2.6100000000000003,0.035,18199,t1_breach_half,-1.5550000000000002,0.30000000000000004,-1.2550000000000001,-125.50000000000001
232,20241017,0,0,8432,584.0,583.0,0.9299999999999999,0.425,0.88,0.28500000000000003,13110,t1_breach_half,0.04999999999999993,0.13999999999999996,0.1899999999999999,18.99999999999999
233,20241017,1,0,8432,584.0,583.0,0.9299999999999999,0.425,0.89,0.28500000000000003,13112,t1_breach_half,0.039999999999999925,0.13999999999999996,0.17999999999999988,17.99999999999999
234,20241017,2,1,14912,584.0,583.0,0.8,0.215,0.385,0.64,16504,t1_breach_half,0.41500000000000004,-0.42500000000000004,-0.010000000000000009,-1.0000000000000009
235,20241017,3,1,14912,584.0,583.0,0.8,0.215,0.425,0.615,16506,t1_breach_half,0.37500000000000006,-0.4,-0.024999999999999967,-2.4999999999999964
236,20241017,4,2,19267,583.0,582.0,0.575,0.185,0.665,0.125,19788,t1_eod,-0.09000000000000008,0.06,-0.030000000000000082,-3.000000000000008
237,20241017,5,2,19267,583.0,582.0,0.575,0.185,0.665,0.125,19788,t1_eod,-0.09000000000000008,0.06,-0.030000000000000082,-3.000000000000008
238,20241018,0,0,4921,584.0,583.0,0.665,0.535,0.995,0.045,19788,t1_eod,-0.32999999999999996,0.49000000000000005,0.1600000000000001,16.000000000000007
239,20241018,1,0,4921,584.0,583.0,0.665,0.535,0.995,0.045,19788,t1_eod,-0.32999999999999996,0.49000000000000005,0.1600000000000001,16.000000000000007
240,20241021,0,0,1802,584.0,583.0,0.945,0.525,0.895,0.44,3316,t1_breach_half,0.04999999999999993,0.08500000000000002,0.13499999999999995,13.499999999999995
241,20241021,1,0,1802,584.0,583.0,0.945,0.525,0.895,0.435,3328,t1_breach_half,0.04999999999999993,0.09000000000000002,0.13999999999999996,13.999999999999996
242,20241021,2,1,10647,582.0,581.0,0.875,0.275,0.59,0.07500000000000001,19788,t1_eod,0.28500000000000003,0.2,0.48500000000000004,48.50000000000001
243,20241021,3,1,10647,582.0,581.0,0.875,0.275,0.59,0.07500000000000001,19788,t1_eod,0.28500000000000003,0.2,0.48500000000000004,48.50000000000001
244,20241022,0,0,7976,582.0,581.0,0.895,0.295,2.46,0.045,16381,t1_breach_half,-1.565,0.25,-1.315,-131.5
245,20241022,1,0,7976,582.0,581.0,0.895,0.295,2.4450000000000003,0.045,16383,t1_breach_half,-1.5500000000000003,0.25,-1.3000000000000003,-130.00000000000003
246,20241022,2,1,18183,584.0,583.0,0.265,0.215,0.10500000000000001,0.435,19788,t1_eod,0.16,-0.22,-0.06,-6.0
247,20241022,3,1,18183,584.0,583.0,0.265,0.215,0.10500000000000001,0.435,19788,t1_eod,0.16,-0.22,-0.06,-6.0
248,20241023,0,0,4565,582.0,581.0,0.705,0.725,0.46499999999999997,1.0550000000000002,4920,t1_breach_half,0.24,-0.3300000000000002,-0.09000000000000019,-9.00000000000002
249,20241023,1,0,4565,582.0,581.0,0.705,0.725,0.46499999999999997,1.065,4922,t1_breach_half,0.24,-0.33999999999999997,-0.09999999999999998,-9.999999999999998
250,20241024,0,0,6700,579.0,578.0,1.0950000000000002,0.515,0.865,0.755,6814,t1_breach_half,0.2300000000000002,-0.24,-0.009999999999999787,-0.9999999999999787
251,20241024,1,0,6700,579.0,578.0,1.0950000000000002,0.515,0.86,0.775,6816,t1_breach_half,0.2350000000000002,-0.26,-0.0249999999999998,-2.49999999999998
252,20241024,2,1,14377,579.0,578.0,0.765,0.365,0.48,0.48,16143,t1_breach_half,0.28500000000000003,-0.11499999999999999,0.17000000000000004,17.000000000000004
253,20241024,3,1,14377,579.0,578.0,0.765,0.365,0.485,0.475,16146,t1_breach_half,0.28,-0.10999999999999999,0.17000000000000004,17.000000000000004
254,20241024,4,2,18831,579.0,578.0,0.375,0.275,0.375,0.185,19788,t1_eod,0.0,0.09000000000000002,0.09000000000000002,9.000000000000002
255,20241024,5,2,18831,579.0,578.0,0.375,0.275,0.375,0.185,19788,t1_eod,0.0,0.09000000000000002,0.09000000000000002,9.000000000000002
256,20241025,0,0,9563,582.0,581.0,0.995,0.565,0.475,0.735,13435,t1_breach_half,0.52,-0.17000000000000004,0.35,35.0
257,20241025,1,0,9563,582.0,581.0,0.995,0.565,0.455,0.785,13437,t1_breach_half,0.54,-0.22000000000000008,0.31999999999999995,31.999999999999996
258,20241030,0,0,10993,582.0,581.0,1.16,0.525,0.635,0.88,14439,t1_breach_half,0.5249999999999999,-0.355,0.16999999999999993,16.999999999999993
259,20241030,1,0,10993,582.0,581.0,1.16,0.525,0.665,0.825,14441,t1_breach_half,0.4949999999999999,-0.29999999999999993,0.19499999999999995,19.499999999999996
260,20241030,2,1,19166,581.0,580.0,0.995,0.365,0.885,0.37,19788,t1_eod,0.10999999999999999,-0.0050000000000000044,0.10499999999999998,10.499999999999998
261,20241030,3,1,19166,581.0,580.0,0.995,0.365,0.885,0.37,19788,t1_eod,0.10999999999999999,-0.0050000000000000044,0.10499999999999998,10.499999999999998
262,20241107,0,0,7323,595.0,594.0,1.2850000000000001,1.105,1.2149999999999999,1.145,16219,t1_breach_half,0.07000000000000028,-0.040000000000000036,0.03000000000000025,3.000000000000025
263,20241107,1,0,7323,595.0,594.0,1.2850000000000001,1.105,1.29,1.0550000000000002,16221,t1_breach_half,-0.004999999999999893,0.04999999999999982,0.04499999999999993,4.499999999999993
264,20241108,0,0,6399,598.0,597.0,0.695,0.435,1.06,0.045,19788,t1_eod,-0.3650000000000001,0.39,0.02499999999999991,2.499999999999991
265,20241108,1,0,6399,598.0,597.0,0.695,0.435,1.06,0.045,19788,t1_eod,-0.3650000000000001,0.39,0.02499999999999991,2.499999999999991
266,20241111,0,0,4110,600.0,599.0,0.515,0.525,0.055,1.46,12733,t1_breach_half,0.46,-0.9349999999999999,-0.4749999999999999,-47.49999999999999
267,20241111,1,0,4110,600.0,599.0,0.515,0.525,0.055,1.46,12735,t1_breach_half,0.46,-0.9349999999999999,-0.4749999999999999,-47.49999999999999
268,20241111,2,1,14888,598.0,597.0,0.525,0.215,0.48,0.055,19788,t1_eod,0.04500000000000004,0.16,0.20500000000000004,20.500000000000004
269,20241111,3,1,14888,598.0,597.0,0.525,0.215,0.48,0.055,19788,t1_eod,0.04500000000000004,0.16,0.20500000000000004,20.500000000000004
270,20241112,0,0,7554,597.0,596.0,0.955,0.345,0.645,0.6799999999999999,7761,t1_breach_half,0.30999999999999994,-0.33499999999999996,-0.025000000000000022,-2.500000000000002
271,20241112,1,0,7554,597.0,596.0,0.955,0.345,0.635,0.695,7763,t1_breach_half,0.31999999999999995,-0.35,-0.030000000000000027,-3.0000000000000027
272,20241112,2,1,15639,597.0,596.0,0.605,0.265,1.1,0.045,19788,t1_eod,-0.4950000000000001,0.22000000000000003,-0.2750000000000001,-27.500000000000007
273,20241112,3,1,15639,597.0,596.0,0.605,0.265,1.1,0.045,19788,t1_eod,-0.4950000000000001,0.22000000000000003,-0.2750000000000001,-27.500000000000007
274,20241122,0,0,18482,595.0,594.0,0.735,0.135,0.64,0.08499999999999999,19788,t1_eod,0.09499999999999997,0.05000000000000002,0.145,14.499999999999998
275,20241122,1,0,18482,595.0,594.0,0.735,0.135,0.64,0.08499999999999999,19788,t1_eod,0.09499999999999997,0.05000000000000002,0.145,14.499999999999998
276,20241125,0,0,17154,597.0,596.0,0.705,0.125,0.36,0.22999999999999998,17614,t1_breach_half,0.345,-0.10499999999999998,0.24,24.0
277,20241125,1,0,17154,597.0,596.0,0.705,0.125,0.385,0.215,17616,t1_breach_half,0.31999999999999995,-0.09,0.22999999999999995,22.999999999999996
278,20241125,2,1,19416,597.0,596.0,0.545,0.065,0.415,0.095,19788,t1_eod,0.13000000000000006,-0.03,0.10000000000000006,10.000000000000005
279,20241125,3,1,19416,597.0,596.0,0.545,0.065,0.415,0.095,19788,t1_eod,0.13000000000000006,-0.03,0.10000000000000006,10.000000000000005
280,20241126,0,0,8779,600.0,599.0,0.535,0.405,0.335,0.08499999999999999,19788,t1_eod,0.2,0.32000000000000006,0.52,52.0
281,20241126,1,0,8779,600.0,599.0,0.535,0.405,0.335,0.08499999999999999,19788,t1_eod,0.2,0.32000000000000006,0.52,52.0
282,20241127,0,0,10673,598.0,597.0,0.825,0.265,0.875,0.025,19788,t1_eod,-0.050000000000000044,0.24000000000000002,0.18999999999999997,18.999999999999996
283,20241127,1,0,10673,598.0,597.0,0.825,0.265,0.875,0.025,19788,t1_eod,-0.050000000000000044,0.24000000000000002,0.18999999999999997,18.999999999999996
284,20241129,0,0,1802,601.0,600.0,0.525,0.405,1.4649999999999999,0.01,12587,t1_breach_half,-0.9399999999999998,0.395,-0.5449999999999998,-54.49999999999998
285,20241129,1,0,1802,601.0,600.0,0.525,0.405,1.5350000000000001,0.01,12589,t1_breach_half,-1.0100000000000002,0.395,-0.6150000000000002,-61.50000000000002
286,20241202,0,0,3201,603.0,602.0,0.715,0.405,0.525,0.395,5205,t1_breach_half,0.18999999999999995,0.010000000000000009,0.19999999999999996,19.999999999999996
287,20241202,1,0,3201,603.0,602.0,0.715,0.405,0.505,0.405,5225,t1_breach_half,0.20999999999999996,0.0,0.20999999999999996,20.999999999999996
288,20241202,2,1,7025,603.0,602.0,0.725,0.215,1.01,0.025,19788,t1_eod,-0.28500000000000003,0.19,-0.09500000000000003,-9.500000000000004
289,20241202,3,1,7025,603.0,602.0,0.725,0.215,1.01,0.025,19788,t1_eod,-0.28500000000000003,0.19,-0.09500000000000003,-9.500000000000004
290,20241205,0,0,1802,608.0,607.0,0.605,0.455,0.215,0.415,14284,t1_breach_half,0.39,0.040000000000000036,0.43000000000000005,43.00000000000001
291,20241205,1,0,1802,608.0,607.0,0.605,0.455,0.215,0.415,14286,t1_breach_half,0.39,0.040000000000000036,0.43000000000000005,43.00000000000001
292,20241205,2,1,16102,607.0,606.0,0.7,0.10500000000000001,0.455,0.055,19788,t1_eod,0.24499999999999994,0.05000000000000001,0.29499999999999993,29.499999999999993
293,20241205,3,1,16102,607.0,606.0,0.7,0.10500000000000001,0.455,0.055,19788,t1_eod,0.24499999999999994,0.05000000000000001,0.29499999999999993,29.499999999999993
294,20241206,0,0,3735,609.0,608.0,0.555,0.435,0.185,0.755,6611,t1_breach_half,0.37000000000000005,-0.32,0.050000000000000044,5.000000000000004
295,20241206,1,0,3735,609.0,608.0,0.555,0.435,0.185,0.755,6613,t1_breach_half,0.37000000000000005,-0.32,0.050000000000000044,5.000000000000004
296,20241206,2,1,8413,608.0,607.0,0.545,0.255,0.08499999999999999,0.165,19788,t1_eod,0.4600000000000001,0.09,0.55,55.00000000000001
297,20241206,3,1,8413,608.0,607.0,0.545,0.255,0.08499999999999999,0.165,19788,t1_eod,0.4600000000000001,0.09,0.55,55.00000000000001
298,20241209,0,0,1802,607.0,606.0,0.925,0.225,0.345,0.585,3540,t1_breach_half,0.5800000000000001,-0.36,0.22000000000000008,22.000000000000007
299,20241209,1,0,1802,607.0,606.0,0.925,0.225,0.355,0.575,3542,t1_breach_half,0.5700000000000001,-0.35,0.22000000000000008,22.000000000000007
300,20241209,2,1,7025,606.0,605.0,0.565,0.355,0.065,0.345,19788,t1_eod,0.49999999999999994,0.010000000000000009,0.51,51.0
301,20241209,3,1,7025,606.0,605.0,0.565,0.355,0.065,0.345,19788,t1_eod,0.49999999999999994,0.010000000000000009,0.51,51.0
302,20241211,0,0,4593,607.0,606.0,0.625,0.335,1.04,0.025,19788,t1_eod,-0.41500000000000004,0.31,-0.10500000000000004,-10.500000000000004
303,20241211,1,0,4593,607.0,606.0,0.625,0.335,1.04,0.025,19788,t1_eod,-0.41500000000000004,0.31,-0.10500000000000004,-10.500000000000004
304,20241212,0,0,5277,607.0,606.0,0.515,0.435,0.045,1.05,19788,t1_eod,0.47000000000000003,-0.615,-0.14499999999999996,-14.499999999999996
305,20241212,1,0,5277,607.0,606.0,0.515,0.435,0.045,1.05,19788,t1_eod,0.47000000000000003,-0.615,-0.14499999999999996,-14.499999999999996
306,20241213,0,0,15219,604.0,603.0,0.475,0.175,0.475,0.045,19788,t1_eod,0.0,0.13,0.13,13.0
307,20241213,1,0,15219,604.0,603.0,0.475,0.175,0.475,0.045,19788,t1_eod,0.0,0.13,0.13,13.0
308,20241216,0,0,6004,607.0,606.0,0.515,0.315,0.64,0.025,19788,t1_eod,-0.125,0.29,0.16499999999999998,16.499999999999996
309,20241216,1,0,6004,607.0,606.0,0.515,0.315,0.64,0.025,19788,t1_eod,-0.125,0.29,0.16499999999999998,16.499999999999996
310,20241224,0,0,7213,599.0,598.0,0.605,0.165,0.415,0.185,8659,t1_breach_half,0.19,-0.01999999999999999,0.17,17.0
311,20241224,1,0,7213,599.0,598.0,0.605,0.165,0.435,0.175,8661,t1_breach_half,0.16999999999999998,-0.009999999999999981,0.16,16.0
312,20241224,2,1,13167,601.0,600.0,0.075,0.015,0.26,0.015,13487,t1_eod,-0.185,0.0,-0.185,-18.5
313,20241224,3,1,13167,601.0,600.0,0.075,0.015,0.26,0.015,13487,t1_eod,-0.185,0.0,-0.185,-18.5
314,20250115,0,0,11960,592.0,591.0,0.905,0.665,0.555,1.08,12590,t1_breach_half,0.35,-0.41500000000000004,-0.06500000000000006,-6.500000000000005
315,20250115,1,0,11960,592.0,591.0,0.905,0.665,0.785,0.175,19786,t1_eod,0.12,0.49000000000000005,0.6100000000000001,61.00000000000001
316,20250115,2,1,17167,593.0,592.0,0.595,0.405,0.785,0.175,19786,t1_eod,-0.19000000000000006,0.23000000000000004,0.03999999999999998,3.9999999999999982
317,20250116,0,0,19038,593.0,592.0,0.415,0.355,0.525,0.235,19788,t1_eod,-0.11000000000000004,0.12,0.009999999999999953,0.9999999999999953
318,20250116,1,0,19038,593.0,592.0,0.415,0.355,0.525,0.235,19788,t1_eod,-0.11000000000000004,0.12,0.009999999999999953,0.9999999999999953
319,20250117,0,0,10233,599.0,598.0,0.755,0.605,0.215,0.445,19788,t1_eod,0.54,0.15999999999999998,0.7,70.0
320,20250117,1,0,10233,599.0,598.0,0.755,0.605,0.215,0.445,19788,t1_eod,0.54,0.15999999999999998,0.7,70.0
321,20250123,0,0,1802,606.0,605.0,1.045,0.565,1.29,0.305,6154,t1_breach_half,-0.2450000000000001,0.25999999999999995,0.014999999999999847,1.4999999999999847
322,20250123,1,0,1802,606.0,605.0,1.045,0.565,1.31,0.305,6156,t1_breach_half,-0.2650000000000001,0.25999999999999995,-0.005000000000000171,-0.5000000000000171
323,20250123,2,1,9786,607.0,606.0,0.815,0.275,0.985,0.035,19788,t1_eod,-0.17000000000000004,0.24000000000000002,0.06999999999999998,6.999999999999998
324,20250123,3,1,9786,607.0,606.0,0.815,0.275,0.985,0.035,19788,t1_eod,-0.17000000000000004,0.24000000000000002,0.06999999999999998,6.999999999999998
325,20250204,0,0,15349,601.0,600.0,0.985,0.655,1.01,0.445,19769,t1_breach_half,-0.025000000000000022,0.21000000000000002,0.185,18.5
326,20250204,1,0,15349,601.0,600.0,0.985,0.655,1.1099999999999999,0.395,19771,t1_breach_half,-0.12499999999999989,0.26,0.13500000000000012,13.500000000000012
327,20250206,0,0,5768,605.0,604.0,1.295,0.915,1.205,0.505,13289,t1_breach_half,0.08999999999999986,0.41000000000000003,0.4999999999999999,49.999999999999986
328,20250206,1,0,5768,605.0,604.0,1.295,0.915,1.25,0.49,13291,t1_breach_half,0.04499999999999993,0.42500000000000004,0.47,47.0
329,20250206,2,1,15091,605.0,604.0,1.0750000000000002,0.475,0.505,0.925,18062,t1_breach_half,0.5700000000000002,-0.45000000000000007,0.1200000000000001,12.00000000000001
330,20250206,3,1,15091,605.0,604.0,1.0750000000000002,0.475,0.49,0.96,18064,t1_breach_half,0.5850000000000002,-0.485,0.1000000000000002,10.00000000000002
331,20250211,0,0,6502,605.0,604.0,0.765,0.615,0.255,1.11,9381,t1_breach_half,0.51,-0.4950000000000001,0.014999999999999902,1.4999999999999902
332,20250211,1,0,6502,605.0,604.0,0.765,0.615,0.255,1.125,9383,t1_breach_half,0.51,-0.51,0.0,0.0
333,20250211,2,1,11183,604.0,603.0,0.785,0.435,1.455,0.035,19788,t1_eod,-0.67,0.4,-0.27,-27.0
334,20250211,3,1,11183,604.0,603.0,0.785,0.435,1.455,0.035,19788,t1_eod,-0.67,0.4,-0.27,-27.0
335,20250212,0,0,18921,604.0,603.0,0.28500000000000003,0.275,0.345,0.20500000000000002,19788,t1_eod,-0.05999999999999994,0.07,0.010000000000000064,1.0000000000000064
336,20250212,1,0,18921,604.0,603.0,0.28500000000000003,0.275,0.345,0.20500000000000002,19788,t1_eod,-0.05999999999999994,0.07,0.010000000000000064,1.0000000000000064
337,20250214,0,0,1802,610.0,609.0,1.4849999999999999,0.695,0.525,0.095,19788,t1_eod,0.9599999999999999,0.6,1.5599999999999998,155.99999999999997
338,20250214,1,0,1802,610.0,609.0,1.4849999999999999,0.695,0.525,0.095,19788,t1_eod,0.9599999999999999,0.6,1.5599999999999998,155.99999999999997
339,20250218,0,0,5585,611.0,610.0,0.605,0.615,0.045,1.6,16684,t1_breach_half,0.5599999999999999,-0.9850000000000001,-0.42500000000000016,-42.500000000000014
340,20250218,1,0,5585,611.0,610.0,0.605,0.615,0.045,1.6400000000000001,16686,t1_breach_half,0.5599999999999999,-1.0250000000000001,-0.4650000000000002,-46.50000000000002
341,20250218,2,1,18666,609.0,608.0,0.655,0.11499999999999999,0.97,0.045,19788,t1_eod,-0.31499999999999995,0.06999999999999999,-0.24499999999999994,-24.499999999999993
342,20250218,3,1,18666,609.0,608.0,0.655,0.11499999999999999,0.97,0.045,19788,t1_eod,-0.31499999999999995,0.06999999999999999,-0.24499999999999994,-24.499999999999993
343,20250220,0,0,11485,609.0,608.0,0.735,0.605,1.045,0.065,19788,t1_eod,-0.30999999999999994,0.54,0.2300000000000001,23.00000000000001
344,20250220,1,0,11485,609.0,608.0,0.735,0.605,1.045,0.065,19788,t1_eod,-0.30999999999999994,0.54,0.2300000000000001,23.00000000000001
345,20250324,0,0,12351,573.0,572.0,1.0950000000000002,0.54,0.46499999999999997,0.645,16418,t1_breach_half,0.6300000000000002,-0.10499999999999998,0.5250000000000002,52.50000000000002
346,20250324,1,0,12351,573.0,572.0,1.0950000000000002,0.54,0.46499999999999997,0.645,16420,t1_breach_half,0.6300000000000002,-0.10499999999999998,0.5250000000000002,52.50000000000002
347,20250604,0,0,12401,597.0,596.0,0.735,0.555,0.52,0.215,19788,t1_eod,0.21499999999999997,0.3400000000000001,0.555,55.50000000000001
348,20250604,1,0,12401,597.0,596.0,0.735,0.555,0.52,0.215,19788,t1_eod,0.21499999999999997,0.3400000000000001,0.555,55.50000000000001
349,20250606,0,0,15343,599.0,598.0,0.665,0.445,1.2349999999999999,0.175,18002,t1_breach_half,-0.5699999999999998,0.27,-0.2999999999999998,-29.999999999999982
350,20250606,1,0,15343,599.0,598.0,0.665,0.445,1.2,0.19,18004,t1_breach_half,-0.5349999999999999,0.255,-0.2799999999999999,-27.999999999999993
351,20250609,0,0,3270,600.0,599.0,1.0350000000000001,0.745,1.21,0.59,3749,t1_breach_half,-0.17499999999999982,0.15500000000000003,-0.019999999999999796,-1.9999999999999796
352,20250609,1,0,3270,600.0,599.0,1.0350000000000001,0.745,1.24,0.625,3751,t1_breach_half,-0.20499999999999985,0.12,-0.08499999999999985,-8.499999999999986
353,20250609,2,1,6062,600.0,599.0,0.895,0.685,1.23,0.08499999999999999,19788,t1_eod,-0.33499999999999996,0.6000000000000001,0.2650000000000001,26.500000000000014
354,20250609,3,1,6062,600.0,599.0,0.895,0.685,1.23,0.08499999999999999,19788,t1_eod,-0.33499999999999996,0.6000000000000001,0.2650000000000001,26.500000000000014
355,20250610,0,0,4124,601.0,600.0,1.145,0.665,0.845,0.885,7351,t1_breach_half,0.30000000000000004,-0.21999999999999997,0.08000000000000007,8.000000000000007
356,20250610,1,0,4124,601.0,600.0,1.145,0.665,0.83,0.935,7353,t1_breach_half,0.31500000000000006,-0.27,0.04500000000000004,4.5000000000000036
357,20250610,2,1,10193,602.0,601.0,0.735,0.695,0.20500000000000002,1.1600000000000001,16217,t1_breach_half,0.53,-0.4650000000000002,0.06499999999999984,6.499999999999984
358,20250610,3,1,10193,602.0,601.0,0.735,0.695,0.21000000000000002,1.2850000000000001,16219,t1_breach_half,0.5249999999999999,-0.5900000000000002,-0.06500000000000028,-6.500000000000028
359,20250610,4,2,18019,601.0,600.0,0.595,0.28500000000000003,1.845,0.08499999999999999,19616,t1_breach_half,-1.25,0.20000000000000004,-1.05,-105.0
360,20250610,5,2,18019,601.0,600.0,0.595,0.28500000000000003,1.79,0.08499999999999999,19618,t1_breach_half,-1.195,0.20000000000000004,-0.995,-99.5
361,20250612,0,0,19416,603.0,602.0,0.675,0.20500000000000002,0.725,0.175,19788,t1_eod,-0.04999999999999993,0.030000000000000027,-0.019999999999999907,-1.9999999999999907
362,20250612,1,0,19416,603.0,602.0,0.675,0.20500000000000002,0.725,0.175,19788,t1_eod,-0.04999999999999993,0.030000000000000027,-0.019999999999999907,-1.9999999999999907
363,20250616,0,0,9959,603.0,602.0,1.105,0.525,0.315,0.315,19788,t1_eod,0.79,0.21000000000000002,1.0,100.0
364,20250616,1,0,9959,603.0,602.0,1.105,0.525,0.315,0.315,19788,t1_eod,0.79,0.21000000000000002,1.0,100.0
365,20250627,0,0,1802,614.0,613.0,1.32,0.5,1.6549999999999998,0.405,2398,t1_breach_half,-0.33499999999999974,0.09499999999999997,-0.23999999999999977,-23.99999999999998
366,20250627,1,0,1802,614.0,613.0,1.32,0.5,1.72,0.405,2400,t1_breach_half,-0.3999999999999999,0.09499999999999997,-0.30499999999999994,-30.499999999999993
367,20250627,2,1,6303,615.0,614.0,0.98,0.445,0.45,0.42500000000000004,15271,t1_breach_half,0.53,0.019999999999999962,0.55,55.00000000000001
368,20250627,3,1,6303,615.0,614.0,0.98,0.445,0.44999999999999996,0.54,15273,t1_breach_half,0.53,-0.09500000000000003,0.435,43.5
369,20250630,0,0,5286,616.0,615.0,1.21,0.755,0.835,0.5,16010,t1_breach_half,0.375,0.255,0.63,63.0
370,20250630,1,0,5286,616.0,615.0,1.21,0.755,0.845,0.505,16012,t1_breach_half,0.365,0.25,0.615,61.5
371,20250630,2,1,17812,616.0,615.0,0.925,0.385,1.3250000000000002,0.225,19681,t1_breach_half,-0.40000000000000013,0.16,-0.24000000000000013,-24.000000000000014
372,20250630,3,1,17812,616.0,615.0,0.925,0.385,1.35,0.225,19786,t1_eod,-0.42500000000000004,0.16,-0.265,-26.5
373,20250701,0,0,19228,618.0,617.0,0.705,0.125,0.495,0.185,19788,t1_eod,0.20999999999999996,-0.06,0.14999999999999997,14.999999999999996
374,20250701,1,0,19228,618.0,617.0,0.705,0.125,0.495,0.185,19788,t1_eod,0.20999999999999996,-0.06,0.14999999999999997,14.999999999999996
375,20250703,0,0,2983,625.0,624.0,0.765,0.475,0.49,0.035,12600,t1_breach_half,0.275,0.43999999999999995,0.715,71.5
376,20250703,1,0,2983,625.0,624.0,0.765,0.475,0.44,0.045,12602,t1_breach_half,0.325,0.43,0.755,75.5
377,20250707,0,0,9477,622.0,621.0,1.005,0.435,0.58,0.8,10174,t1_breach_half,0.42499999999999993,-0.36500000000000005,0.05999999999999989,5.9999999999999885
378,20250707,1,0,9477,622.0,621.0,1.005,0.435,0.62,0.775,10176,t1_breach_half,0.3849999999999999,-0.34,0.04499999999999987,4.499999999999988
379,20250707,2,1,16169,620.0,619.0,0.715,0.355,0.645,0.32,16944,t1_breach_half,0.06999999999999995,0.034999999999999976,0.10499999999999993,10.499999999999993
380,20250707,3,1,16169,620.0,619.0,0.715,0.355,0.66,0.325,16946,t1_breach_half,0.05499999999999994,0.02999999999999997,0.08499999999999991,8.499999999999991
381,20250707,4,2,19742,620.0,619.0,0.655,0.235,0.655,0.225,19788,t1_eod,0.0,0.009999999999999981,0.009999999999999981,0.9999999999999981
382,20250707,5,2,19742,620.0,619.0,0.655,0.235,0.655,0.225,19788,t1_eod,0.0,0.009999999999999981,0.009999999999999981,0.9999999999999981
383,20250708,0,0,8927,621.0,620.0,0.965,0.475,1.32,0.275,10944,t1_breach_half,-0.3550000000000001,0.19999999999999996,-0.15500000000000014,-15.500000000000014
384,20250708,1,0,8927,621.0,620.0,0.965,0.475,1.3250000000000002,0.275,10946,t1_breach_half,-0.3600000000000002,0.19999999999999996,-0.16000000000000025,-16.000000000000025
385,20250708,2,1,15545,621.0,620.0,0.485,0.415,0.265,0.265,19788,t1_eod,0.21999999999999997,0.14999999999999997,0.36999999999999994,36.99999999999999
386,20250708,3,1,15545,621.0,620.0,0.485,0.415,0.265,0.265,19788,t1_eod,0.21999999999999997,0.14999999999999997,0.36999999999999994,36.99999999999999
387,20250710,0,0,6903,625.0,624.0,0.935,0.375,1.375,0.045,19788,t1_eod,-0.43999999999999995,0.33,-0.10999999999999993,-10.999999999999993
388,20250710,1,0,6903,625.0,624.0,0.935,0.375,1.375,0.045,19788,t1_eod,-0.43999999999999995,0.33,-0.10999999999999993,-10.999999999999993
389,20250711,0,0,7898,624.0,623.0,1.025,0.485,0.655,0.765,9313,t1_breach_half,0.3699999999999999,-0.28,0.08999999999999986,8.999999999999986
390,20250711,1,0,7898,624.0,623.0,1.025,0.485,0.64,0.795,9354,t1_breach_half,0.3849999999999999,-0.31000000000000005,0.07499999999999984,7.499999999999984
391,20250711,2,1,11154,624.0,623.0,0.765,0.485,0.69,0.125,19788,t1_eod,0.07500000000000007,0.36,0.43500000000000005,43.50000000000001
392,20250711,3,1,11154,624.0,623.0,0.765,0.485,0.69,0.125,19788,t1_eod,0.07500000000000007,0.36,0.43500000000000005,43.50000000000001
393,20250714,0,0,8566,624.0,623.0,0.715,0.355,1.0750000000000002,0.055,19788,t1_eod,-0.3600000000000002,0.3,-0.06000000000000022,-6.000000000000022
394,20250714,1,0,8566,624.0,623.0,0.715,0.355,1.0750000000000002,0.055,19788,t1_eod,-0.3600000000000002,0.3,-0.06000000000000022,-6.000000000000022
395,20250715,0,0,14795,624.0,623.0,0.735,0.225,0.33,0.29000000000000004,19570,t1_breach_half,0.40499999999999997,-0.06500000000000003,0.33999999999999997,34.0
396,20250715,1,0,14795,624.0,623.0,0.735,0.225,0.335,0.29000000000000004,19582,t1_breach_half,0.39999999999999997,-0.06500000000000003,0.33499999999999996,33.5
397,20250717,0,0,5002,626.0,625.0,0.815,0.615,2.01,0.05,19788,t1_eod,-1.1949999999999998,0.565,-0.6299999999999999,-62.999999999999986
398,20250717,1,0,5002,626.0,625.0,0.815,0.615,2.01,0.05,19788,t1_eod,-1.1949999999999998,0.565,-0.6299999999999999,-62.999999999999986
399,20250718,0,0,4971,628.0,627.0,0.725,0.655,0.525,0.805,6186,t1_breach_half,0.19999999999999996,-0.15000000000000002,0.04999999999999993,4.999999999999993
400,20250718,1,0,4971,628.0,627.0,0.725,0.655,0.365,0.75,10561,t1_breach_half,0.36,-0.09499999999999997,0.265,26.5
401,20250718,2,1,7986,628.0,627.0,0.655,0.515,0.385,0.735,10591,t1_breach_half,0.27,-0.21999999999999997,0.050000000000000044,5.000000000000004
402,20250718,3,2,14453,627.0,626.0,0.635,0.275,0.525,0.125,19788,t1_eod,0.10999999999999999,0.15000000000000002,0.26,26.0
403,20250718,4,2,14453,627.0,626.0,0.635,0.275,0.525,0.125,19788,t1_eod,0.10999999999999999,0.15000000000000002,0.26,26.0
404,20250721,0,0,2980,631.0,630.0,0.545,0.555,0.155,0.275,19788,t1_eod,0.39,0.28,0.67,67.0
405,20250721,1,0,2980,631.0,630.0,0.545,0.555,0.155,0.275,19788,t1_eod,0.39,0.28,0.67,67.0
406,20250723,0,0,3439,631.0,630.0,0.825,0.785,1.645,0.265,8679,t1_breach_half,-0.8200000000000001,0.52,-0.30000000000000004,-30.000000000000004
407,20250723,1,0,3439,631.0,630.0,0.825,0.785,1.6949999999999998,0.245,8681,t1_breach_half,-0.8699999999999999,0.54,-0.32999999999999985,-32.999999999999986
408,20250723,2,1,11786,632.0,631.0,0.775,0.475,0.97,0.38,15671,t1_breach_half,-0.19499999999999995,0.09499999999999997,-0.09999999999999998,-9.999999999999998
409,20250723,3,1,11786,632.0,631.0,0.775,0.475,0.98,0.355,15673,t1_breach_half,-0.20499999999999996,0.12,-0.08499999999999996,-8.499999999999996
410,20250723,4,2,17473,633.0,632.0,0.835,0.305,0.825,0.25,19788,t1_eod,0.010000000000000009,0.05499999999999999,0.065,6.5
411,20250723,5,2,17473,633.0,632.0,0.835,0.305,0.825,0.25,19788,t1_eod,0.010000000000000009,0.05499999999999999,0.065,6.5
412,20250724,0,0,3775,635.0,634.0,0.765,0.565,0.555,0.10500000000000001,19788,t1_eod,0.20999999999999996,0.45999999999999996,0.6699999999999999,67.0
413,20250724,1,0,3775,635.0,634.0,0.765,0.565,0.555,0.10500000000000001,19788,t1_eod,0.20999999999999996,0.45999999999999996,0.6699999999999999,67.0
414,20250725,0,0,3122,635.0,634.0,1.065,0.365,2.26,0.035,19788,t1_eod,-1.1949999999999998,0.32999999999999996,-0.8649999999999999,-86.49999999999999
415,20250725,1,0,3122,635.0,634.0,1.065,0.365,2.26,0.035,19788,t1_eod,-1.1949999999999998,0.32999999999999996,-0.8649999999999999,-86.49999999999999
416,20250728,0,0,2254,638.0,637.0,0.73,0.515,0.215,1.17,6659,t1_breach_half,0.515,-0.6549999999999999,-0.1399999999999999,-13.99999999999999
417,20250728,1,0,2254,638.0,637.0,0.73,0.515,0.215,1.16,6665,t1_breach_half,0.515,-0.6449999999999999,-0.1299999999999999,-12.99999999999999
418,20250728,2,1,8465,637.0,636.0,0.905,0.225,0.08499999999999999,0.315,19788,t1_eod,0.8200000000000001,-0.09,0.7300000000000001,73.00000000000001
419,20250728,3,1,8465,637.0,636.0,0.905,0.225,0.08499999999999999,0.315,19788,t1_eod,0.8200000000000001,-0.09,0.7300000000000001,73.00000000000001
420,20250729,0,0,2824,638.0,637.0,0.685,0.455,0.20500000000000002,1.065,5782,t1_breach_half,0.48000000000000004,-0.6099999999999999,-0.12999999999999984,-12.999999999999984
421,20250729,1,0,2824,638.0,637.0,0.685,0.455,0.20500000000000002,1.0350000000000001,5786,t1_breach_half,0.48000000000000004,-0.5800000000000001,-0.10000000000000003,-10.000000000000004
422,20250729,2,1,12210,636.0,635.0,0.495,0.375,0.345,0.43,14900,t1_breach_half,0.15000000000000002,-0.05499999999999999,0.09500000000000003,9.500000000000004
423,20250729,3,1,12210,636.0,635.0,0.495,0.375,0.375,0.365,14902,t1_breach_half,0.12,0.010000000000000009,0.13,13.0
424,20250729,4,2,16702,636.0,635.0,0.305,0.255,0.155,0.265,19788,t1_eod,0.15,-0.010000000000000009,0.13999999999999999,13.999999999999998
425,20250729,5,2,16702,636.0,635.0,0.305,0.255,0.155,0.265,19788,t1_eod,0.15,-0.010000000000000009,0.13999999999999999,13.999999999999998
426,20250730,0,0,2863,636.0,635.0,1.3650000000000002,1.105,1.355,0.86,16363,t1_breach_half,0.010000000000000231,0.245,0.2550000000000002,25.50000000000002
427,20250730,1,0,2863,636.0,635.0,1.3650000000000002,1.105,1.3450000000000002,0.87,16365,t1_breach_half,0.020000000000000018,0.235,0.255,25.5
428,20250730,2,1,18165,637.0,636.0,1.2149999999999999,0.705,1.3450000000000002,0.595,18277,t1_breach_half,-0.13000000000000034,0.10999999999999999,-0.02000000000000035,-2.000000000000035
429,20250730,3,1,18165,637.0,636.0,1.2149999999999999,0.705,1.335,0.61,18279,t1_breach_half,-0.1200000000000001,0.09499999999999997,-0.025000000000000133,-2.5000000000000133
430,20250804,0,0,10233,630.0,629.0,0.725,0.545,0.395,0.215,19788,t1_eod,0.32999999999999996,0.33000000000000007,0.66,66.0
431,20250804,1,0,10233,630.0,629.0,0.725,0.545,0.395,0.215,19788,t1_eod,0.32999999999999996,0.33000000000000007,0.66,66.0
432,20250806,0,0,15043,633.0,632.0,0.335,0.365,0.29000000000000004,0.255,19788,t1_eod,0.044999999999999984,0.10999999999999999,0.15499999999999997,15.499999999999996
433,20250806,1,0,15043,633.0,632.0,0.335,0.365,0.29000000000000004,0.255,19788,t1_eod,0.044999999999999984,0.10999999999999999,0.15499999999999997,15.499999999999996
434,20250808,0,0,9430,636.0,635.0,1.2149999999999999,0.325,1.365,0.055,19788,t1_eod,-0.15000000000000013,0.27,0.11999999999999988,11.99999999999999
435,20250808,1,0,9430,636.0,635.0,1.2149999999999999,0.325,1.365,0.055,19788,t1_eod,-0.15000000000000013,0.27,0.11999999999999988,11.99999999999999
436,20250812,0,0,9675,641.0,640.0,0.725,0.395,1.165,0.065,19788,t1_eod,-0.44000000000000006,0.33,-0.11000000000000004,-11.000000000000004
437,20250812,1,0,9675,641.0,640.0,0.725,0.395,1.165,0.065,19788,t1_eod,-0.44000000000000006,0.33,-0.11000000000000004,-11.000000000000004
